{
"lengthUnit": "mil",
"remark": [],
"components": {
	"fields": ["COMPONENT_NO", "COMPONENT_NAME", "LAYER", "X_COORDINATE", "Y_COORDINATE", "ANGLE"],
	"rows": [
		[1, "C1", "T", 713.071, -1024.567, 270],
		[2, "C2", "T", 1031.494, -1051.179, 0],
		[3, "C3", "T", 2260, -815, 270],
		[4, "C4", "T", 2255, -525, 0],
		[5, "C5", "T", 1362.202, -1051.179, 0],
		[6, "D1", "T", 1115, -615, 90],
		[7, "D2", "T", 1380, -615, 270],
		[8, "F1", "T", 460, -635, 90],
		[9, "J1", "T", 160, -675, 270],
		[10, "J2", "T", 160, -270, 270],
		[11, "JP1", "T", 105, -1110, 270],
		[12, "LED1", "T", 2818.892, -661.416, 0],
		[13, "PiZero1", "B", 1633.855, -1169.289, 180],
		[14, "R1", "T", 1590, -675, 90],
		[15, "R2", "T", 1780, -675, 90],
		[16, "R3", "T", 1985, -675, 90],
		[17, "U1", "T", 665, -595, 270],
		[18, "U2", "T", 2570, -565, 180],
		[19, "PAD1", "T", 2477.56, -154.73, 0],
		[20, "PAD1", "B", 2477.56, -154.73, 0],
		[21, "PAD2", "T", 2377.56, -154.73, 0],
		[22, "PAD2", "B", 2377.56, -154.73, 0],
		[23, "PAD3", "T", 1977.56, -154.73, 0],
		[24, "PAD3", "B", 1977.56, -154.73, 0],
		[25, "PAD4", "T", 1677.56, -154.73, 0],
		[26, "PAD4", "B", 1677.56, -154.73, 0],
		[27, "PAD5", "T", 1177.56, -154.73, 0],
		[28, "PAD5", "B", 1177.56, -154.73, 0],
		[29, "PAD6", "T", 977.56, -154.73, 0],
		[30, "PAD6", "B", 977.56, -154.73, 0],
		[31, "PAD7", "T", 2177.56, -254.72, 0],
		[32, "PAD7", "B", 2177.56, -254.72, 0],
		[33, "PAD8", "T", 2077.56, -254.72, 0],
		[34, "PAD8", "B", 2077.56, -254.72, 0],
		[35, "PAD9", "T", 1377.56, -254.72, 0],
		[36, "PAD9", "B", 1377.56, -254.72, 0],
		[37, "PAD10", "T", 677.56, -254.72, 0],
		[38, "PAD10", "B", 677.56, -254.72, 0],
		[39, "PAD11", "T", 2577.56, -154.73, 0],
		[40, "PAD11", "B", 2577.56, -154.73, 0],
		[41, "PAD12", "T", 2577.56, -254.72, 0],
		[42, "PAD12", "B", 2577.56, -254.72, 0],
		[43, "PAD13", "T", 1590, -875, 0],
		[44, "PAD13", "B", 1590, -875, 0],
		[45, "PAD14", "T", 1590, -475, 0],
		[46, "PAD14", "B", 1590, -475, 0],
		[47, "PAD15", "T", 931.494, -1051.179, 0],
		[48, "PAD15", "B", 931.494, -1051.179, 0],
		[49, "PAD16", "T", 1131.494, -1051.179, 0],
		[50, "PAD16", "B", 1131.494, -1051.179, 0],
		[51, "PAD17", "T", 713.071, -974.567, 0],
		[52, "PAD17", "B", 713.071, -974.567, 0],
		[53, "PAD18", "T", 713.071, -1074.567, 0],
		[54, "PAD18", "B", 713.071, -1074.567, 0],
		[55, "PAD19", "T", 2519.8, -415.01, 0],
		[56, "PAD19", "B", 2519.8, -415.01, 0],
		[57, "PAD20", "T", 2520.2, -715.01, 0],
		[58, "PAD20", "B", 2520.2, -715.01, 0],
		[59, "PAD21", "T", 2620.2, -715.01, 0],
		[60, "PAD21", "B", 2620.2, -715.01, 0],
		[61, "PAD22", "T", 2619.8, -415, 0],
		[62, "PAD22", "B", 2619.8, -415, 0],
		[63, "PAD23", "T", 1115, -349.25, 0],
		[64, "PAD23", "B", 1115, -349.25, 0],
		[65, "PAD24", "T", 1115, -880.75, 0],
		[66, "PAD24", "B", 1115, -880.75, 0],
		[67, "PAD25", "T", 1780, -875, 0],
		[68, "PAD25", "B", 1780, -875, 0],
		[69, "PAD26", "T", 1780, -475, 0],
		[70, "PAD26", "B", 1780, -475, 0],
		[71, "PAD27", "T", 1985, -875, 0],
		[72, "PAD27", "B", 1985, -875, 0],
		[73, "PAD28", "T", 1985, -475, 0],
		[74, "PAD28", "B", 1985, -475, 0],
		[75, "PAD29", "T", 1262.202, -1051.179, 0],
		[76, "PAD29", "B", 1262.202, -1051.179, 0],
		[77, "PAD30", "T", 1462.202, -1051.179, 0],
		[78, "PAD30", "B", 1462.202, -1051.179, 0],
		[79, "PAD31", "T", 105, -1011.58, 0],
		[80, "PAD31", "B", 105, -1011.58, 0],
		[81, "PAD32", "T", 105, -1110.01, 0],
		[82, "PAD32", "B", 105, -1110.01, 0],
		[83, "PAD33", "T", 665, -695, 0],
		[84, "PAD33", "B", 665, -695, 0],
		[85, "PAD34", "T", 665, -595, 0],
		[86, "PAD34", "B", 665, -595, 0],
		[87, "PAD35", "T", 665, -495, 0],
		[88, "PAD35", "B", 665, -495, 0],
		[89, "PAD36", "T", 1380, -882.72, 0],
		[90, "PAD36", "B", 1380, -882.72, 0],
		[91, "PAD37", "T", 1380, -347.28, 0],
		[92, "PAD37", "B", 1380, -347.28, 0],
		[93, "PAD38", "T", 2155, -525, 0],
		[94, "PAD38", "B", 2155, -525, 0],
		[95, "PAD39", "T", 2355, -525, 0],
		[96, "PAD39", "B", 2355, -525, 0],
		[97, "PAD40", "T", 436.38, -735, 0],
		[98, "PAD40", "B", 436.38, -735, 0],
		[99, "PAD41", "T", 483.62, -535, 0],
		[100, "PAD41", "B", 483.62, -535, 0],
		[101, "PAD42", "T", 142, -773, 0],
		[102, "PAD42", "B", 142, -773, 0],
		[103, "PAD43", "T", 142, -577, 0],
		[104, "PAD43", "B", 142, -577, 0],
		[105, "PAD44", "T", 142, -368, 0],
		[106, "PAD44", "B", 142, -368, 0],
		[107, "PAD45", "T", 142, -172, 0],
		[108, "PAD45", "B", 142, -172, 0],
		[109, "PAD46", "T", 2818.892, -611.416, 0],
		[110, "PAD46", "B", 2818.892, -611.416, 0],
		[111, "PAD47", "T", 2818.892, -711.416, 0],
		[112, "PAD47", "B", 2818.892, -711.416, 0],
		[113, "PAD48", "T", 2260, -765, 0],
		[114, "PAD48", "B", 2260, -765, 0],
		[115, "PAD49", "T", 2260, -865, 0],
		[116, "PAD49", "B", 2260, -865, 0]
	]
},
"pins": {
	"fields": ["PIN_NO", "PIN_NAME", "PIN_X", "PIN_Y", "LAYER", "PIN_TYPE", "NET_NAME", "NET_TYPE", "PAD_SHAPE", "PAD_SIZEX", "PAD_SIZEY", "HOLE_SIZE", "HOLE_LEN", "PAD_ANGLE"],
	"rows": [
		[1, "C1_1", 713.071, -974.567, "T", "DIP", "VIN_PROT", "", "C", 60, 60, 36, 36, 270],
		[2, "C1_1", 713.071, -974.567, "B", "DIP", "VIN_PROT", "", "C", 60, 60, 36, 36, 270],
		[3, "C1_2", 713.071, -1074.567, "T", "DIP", "GND", "GND", "C", 60, 60, 36, 36, 270],
		[4, "C1_2", 713.071, -1074.567, "B", "DIP", "GND", "GND", "C", 60, 60, 36, 36, 270],
		[5, "C2_1", 1131.494, -1051.179, "T", "DIP", "GND", "GND", "C", 47.244, 47.244, 27.56, 27.56, 180],
		[6, "C2_1", 1131.494, -1051.179, "B", "DIP", "GND", "GND", "C", 47.244, 47.244, 27.56, 27.56, 180],
		[7, "C2_2", 931.494, -1051.179, "T", "DIP", "VIN_PROT", "", "C", 47.244, 47.244, 27.56, 27.56, 180],
		[8, "C2_2", 931.494, -1051.179, "B", "DIP", "VIN_PROT", "", "C", 47.244, 47.244, 27.56, 27.56, 180],
		[9, "C3_1", 2260, -765, "T", "DIP", "5V_LOCAL", "", "C", 60, 60, 36, 36, 270],
		[10, "C3_1", 2260, -765, "B", "DIP", "5V_LOCAL", "", "C", 60, 60, 36, 36, 270],
		[11, "C3_2", 2260, -865, "T", "DIP", "GND", "GND", "C", 60, 60, 36, 36, 270],
		[12, "C3_2", 2260, -865, "B", "DIP", "GND", "GND", "C", 60, 60, 36, 36, 270],
		[13, "C4_1", 2355, -525, "T", "DIP", "GND", "GND", "C", 47.244, 47.244, 27.56, 27.56, 180],
		[14, "C4_1", 2355, -525, "B", "DIP", "GND", "GND", "C", 47.244, 47.244, 27.56, 27.56, 180],
		[15, "C4_2", 2155, -525, "T", "DIP", "5V_LOCAL", "", "C", 47.244, 47.244, 27.56, 27.56, 180],
		[16, "C4_2", 2155, -525, "B", "DIP", "5V_LOCAL", "", "C", 47.244, 47.244, 27.56, 27.56, 180],
		[17, "C5_1", 1462.202, -1051.179, "T", "DIP", "RUN_GPIO", "", "C", 47.244, 47.244, 27.56, 27.56, 180],
		[18, "C5_1", 1462.202, -1051.179, "B", "DIP", "RUN_GPIO", "", "C", 47.244, 47.244, 27.56, 27.56, 180],
		[19, "C5_2", 1262.202, -1051.179, "T", "DIP", "GND", "GND", "C", 47.244, 47.244, 27.56, 27.56, 180],
		[20, "C5_2", 1262.202, -1051.179, "B", "DIP", "GND", "GND", "C", 47.244, 47.244, 27.56, 27.56, 180],
		[21, "D1_1", 1115, -880.75, "T", "DIP", "VIN_PROT", "", "C", 86.614, 86.614, 55.118, 55.118, 270],
		[22, "D1_1", 1115, -880.75, "B", "DIP", "VIN_PROT", "", "C", 86.614, 86.614, 55.118, 55.118, 270],
		[23, "D1_2", 1115, -349.25, "T", "DIP", "VIN_FUSED", "", "C", 86.614, 86.614, 55.118, 55.118, 270],
		[24, "D1_2", 1115, -349.25, "B", "DIP", "VIN_FUSED", "", "C", 86.614, 86.614, 55.118, 55.118, 270],
		[25, "D2_1", 1380, -347.28, "T", "DIP", "GND", "GND", "C", 86.614, 86.614, 55.118, 55.118, 90],
		[26, "D2_1", 1380, -347.28, "B", "DIP", "GND", "GND", "C", 86.614, 86.614, 55.118, 55.118, 90],
		[27, "D2_2", 1380, -882.72, "T", "DIP", "VIN_PROT", "", "C", 86.614, 86.614, 55.118, 55.118, 90],
		[28, "D2_2", 1380, -882.72, "B", "DIP", "VIN_PROT", "", "C", 86.614, 86.614, 55.118, 55.118, 90],
		[29, "F1_1", 436.38, -735, "T", "DIP", "VIN_FUSED", "", "C", 70.866, 70.866, 39.37, 39.37, 90],
		[30, "F1_1", 436.38, -735, "B", "DIP", "VIN_FUSED", "", "C", 70.866, 70.866, 39.37, 39.37, 90],
		[31, "F1_2", 483.62, -535, "T", "DIP", "VIN_IN", "", "C", 70.866, 70.866, 39.37, 39.37, 90],
		[32, "F1_2", 483.62, -535, "B", "DIP", "VIN_IN", "", "C", 70.866, 70.866, 39.37, 39.37, 90],
		[33, "J1_1", 142, -773, "T", "DIP", "VIN_IN", "", "R", 168.7, 93.7, 55.2, 55.2, 0],
		[34, "J1_1", 142, -773, "B", "DIP", "VIN_IN", "", "R", 168.7, 93.7, 55.2, 55.2, 0],
		[35, "J1_2", 142, -577, "T", "DIP", "GND", "GND", "R", 168.7, 93.7, 55.2, 55.2, 0],
		[36, "J1_2", 142, -577, "B", "DIP", "GND", "GND", "R", 168.7, 93.7, 55.2, 55.2, 0],
		[37, "J2_1", 142, -368, "T", "DIP", "SAFE_SIG", "", "R", 168.7, 93.7, 55.2, 55.2, 0],
		[38, "J2_1", 142, -368, "B", "DIP", "SAFE_SIG", "", "R", 168.7, 93.7, 55.2, 55.2, 0],
		[39, "J2_2", 142, -172, "T", "DIP", "GND", "GND", "R", 168.7, 93.7, 55.2, 55.2, 0],
		[40, "J2_2", 142, -172, "B", "DIP", "GND", "GND", "R", 168.7, 93.7, 55.2, 55.2, 0],
		[41, "JP1_1", 105, -1011.58, "T", "DIP", "5V_LOCAL", "", "R", 70.866, 70.866, 47.244, 47.244, 270],
		[42, "JP1_1", 105, -1011.58, "B", "DIP", "5V_LOCAL", "", "R", 70.866, 70.866, 47.244, 47.244, 270],
		[43, "JP1_2", 105, -1110.01, "T", "DIP", "5V_PI", "", "C", 70.866, 70.866, 47.244, 47.244, 270],
		[44, "JP1_2", 105, -1110.01, "B", "DIP", "5V_PI", "", "C", 70.866, 70.866, 47.244, 47.244, 270],
		[45, "JP1_3", 105, -1208.43, "T", "DIP", "NET_1", "", "C", 70.866, 70.866, 47.244, 47.244, 270],
		[46, "JP1_3", 105, -1208.43, "B", "DIP", "NET_1", "", "C", 70.866, 70.866, 47.244, 47.244, 270],
		[47, "LED1_1", 2818.892, -611.416, "T", "DIP", "$1N25", "", "C", 65, 65, 35.434, 35.434, 90],
		[48, "LED1_1", 2818.892, -611.416, "B", "DIP", "$1N25", "", "C", 65, 65, 35.434, 35.434, 90],
		[49, "LED1_2", 2818.892, -711.416, "T", "DIP", "GND", "GND", "C", 65, 65, 35.434, 35.434, 90],
		[50, "LED1_2", 2818.892, -711.416, "B", "DIP", "GND", "GND", "C", 65, 65, 35.434, 35.434, 90],
		[51, "PiZero1_1", 2577.56, -254.72, "T", "DIP", "3V3", "", "C", 74, 74, 38.18, 38.19, 270],
		[52, "PiZero1_1", 2577.56, -254.72, "B", "DIP", "3V3", "", "C", 74, 74, 38.18, 38.19, 270],
		[53, "PiZero1_2", 2577.56, -154.73, "T", "DIP", "5V_PI", "", "C", 74, 74, 38.18, 38.19, 270],
		[54, "PiZero1_2", 2577.56, -154.73, "B", "DIP", "5V_PI", "", "C", 74, 74, 38.18, 38.19, 270],
		[55, "PiZero1_3", 2477.56, -254.72, "T", "DIP", "NET_2", "", "C", 74, 74, 38.18, 38.19, 270],
		[56, "PiZero1_3", 2477.56, -254.72, "B", "DIP", "NET_2", "", "C", 74, 74, 38.18, 38.19, 270],
		[57, "PiZero1_4", 2477.56, -154.73, "T", "DIP", "5V_PI", "", "C", 74, 74, 38.18, 38.19, 270],
		[58, "PiZero1_4", 2477.56, -154.73, "B", "DIP", "5V_PI", "", "C", 74, 74, 38.18, 38.19, 270],
		[59, "PiZero1_5", 2377.56, -254.72, "T", "DIP", "NET_3", "", "C", 74, 74, 38.18, 38.19, 270],
		[60, "PiZero1_5", 2377.56, -254.72, "B", "DIP", "NET_3", "", "C", 74, 74, 38.18, 38.19, 270],
		[61, "PiZero1_6", 2377.56, -154.73, "T", "DIP", "GND", "GND", "C", 74, 74, 38.18, 38.19, 270],
		[62, "PiZero1_6", 2377.56, -154.73, "B", "DIP", "GND", "GND", "C", 74, 74, 38.18, 38.19, 270],
		[63, "PiZero1_7", 2277.56, -254.72, "T", "DIP", "NET_4", "", "C", 74, 74, 38.18, 38.19, 270],
		[64, "PiZero1_7", 2277.56, -254.72, "B", "DIP", "NET_4", "", "C", 74, 74, 38.18, 38.19, 270],
		[65, "PiZero1_8", 2277.56, -154.73, "T", "DIP", "NET_5", "", "C", 74, 74, 38.18, 38.19, 270],
		[66, "PiZero1_8", 2277.56, -154.73, "B", "DIP", "NET_5", "", "C", 74, 74, 38.18, 38.19, 270],
		[67, "PiZero1_9", 2177.56, -254.72, "T", "DIP", "GND", "GND", "C", 74, 74, 38.18, 38.19, 270],
		[68, "PiZero1_9", 2177.56, -254.72, "B", "DIP", "GND", "GND", "C", 74, 74, 38.18, 38.19, 270],
		[69, "PiZero1_10", 2177.56, -154.73, "T", "DIP", "NET_6", "", "C", 74, 74, 38.18, 38.19, 270],
		[70, "PiZero1_10", 2177.56, -154.73, "B", "DIP", "NET_6", "", "C", 74, 74, 38.18, 38.19, 270],
		[71, "PiZero1_11", 2077.56, -254.72, "T", "DIP", "RUN_GPIO", "", "C", 74, 74, 38.18, 38.19, 270],
		[72, "PiZero1_11", 2077.56, -254.72, "B", "DIP", "RUN_GPIO", "", "C", 74, 74, 38.18, 38.19, 270],
		[73, "PiZero1_12", 2077.56, -154.73, "T", "DIP", "NET_7", "", "C", 74, 74, 38.18, 38.19, 270],
		[74, "PiZero1_12", 2077.56, -154.73, "B", "DIP", "NET_7", "", "C", 74, 74, 38.18, 38.19, 270],
		[75, "PiZero1_13", 1977.56, -254.72, "T", "DIP", "NET_8", "", "C", 74, 74, 38.18, 38.19, 270],
		[76, "PiZero1_13", 1977.56, -254.72, "B", "DIP", "NET_8", "", "C", 74, 74, 38.18, 38.19, 270],
		[77, "PiZero1_14", 1977.56, -154.73, "T", "DIP", "GND", "GND", "C", 74, 74, 38.18, 38.19, 270],
		[78, "PiZero1_14", 1977.56, -154.73, "B", "DIP", "GND", "GND", "C", 74, 74, 38.18, 38.19, 270],
		[79, "PiZero1_15", 1877.56, -254.72, "T", "DIP", "NET_9", "", "C", 74, 74, 38.18, 38.19, 270],
		[80, "PiZero1_15", 1877.56, -254.72, "B", "DIP", "NET_9", "", "C", 74, 74, 38.18, 38.19, 270],
		[81, "PiZero1_16", 1877.56, -154.73, "T", "DIP", "NET_10", "", "C", 74, 74, 38.18, 38.19, 270],
		[82, "PiZero1_16", 1877.56, -154.73, "B", "DIP", "NET_10", "", "C", 74, 74, 38.18, 38.19, 270],
		[83, "PiZero1_17", 1777.56, -254.72, "T", "DIP", "NET_11", "", "C", 74, 74, 38.18, 38.19, 270],
		[84, "PiZero1_17", 1777.56, -254.72, "B", "DIP", "NET_11", "", "C", 74, 74, 38.18, 38.19, 270],
		[85, "PiZero1_18", 1777.56, -154.73, "T", "DIP", "NET_12", "", "C", 74, 74, 38.18, 38.19, 270],
		[86, "PiZero1_18", 1777.56, -154.73, "B", "DIP", "NET_12", "", "C", 74, 74, 38.18, 38.19, 270],
		[87, "PiZero1_19", 1677.56, -254.72, "T", "DIP", "NET_13", "", "C", 74, 74, 38.18, 38.19, 270],
		[88, "PiZero1_19", 1677.56, -254.72, "B", "DIP", "NET_13", "", "C", 74, 74, 38.18, 38.19, 270],
		[89, "PiZero1_20", 1677.56, -154.73, "T", "DIP", "GND", "GND", "C", 74, 74, 38.18, 38.19, 270],
		[90, "PiZero1_20", 1677.56, -154.73, "B", "DIP", "GND", "GND", "C", 74, 74, 38.18, 38.19, 270],
		[91, "PiZero1_21", 1577.56, -254.72, "T", "DIP", "NET_14", "", "C", 74, 74, 38.18, 38.19, 270],
		[92, "PiZero1_21", 1577.56, -254.72, "B", "DIP", "NET_14", "", "C", 74, 74, 38.18, 38.19, 270],
		[93, "PiZero1_22", 1577.56, -154.73, "T", "DIP", "NET_15", "", "C", 74, 74, 38.18, 38.19, 270],
		[94, "PiZero1_22", 1577.56, -154.73, "B", "DIP", "NET_15", "", "C", 74, 74, 38.18, 38.19, 270],
		[95, "PiZero1_23", 1477.56, -254.72, "T", "DIP", "NET_16", "", "C", 74, 74, 38.18, 38.19, 270],
		[96, "PiZero1_23", 1477.56, -254.72, "B", "DIP", "NET_16", "", "C", 74, 74, 38.18, 38.19, 270],
		[97, "PiZero1_24", 1477.56, -154.73, "T", "DIP", "NET_17", "", "C", 74, 74, 38.18, 38.19, 270],
		[98, "PiZero1_24", 1477.56, -154.73, "B", "DIP", "NET_17", "", "C", 74, 74, 38.18, 38.19, 270],
		[99, "PiZero1_25", 1377.56, -254.72, "T", "DIP", "GND", "GND", "C", 74, 74, 38.18, 38.19, 270],
		[100, "PiZero1_25", 1377.56, -254.72, "B", "DIP", "GND", "GND", "C", 74, 74, 38.18, 38.19, 270],
		[101, "PiZero1_26", 1377.56, -154.73, "T", "DIP", "NET_18", "", "C", 74, 74, 38.18, 38.19, 270],
		[102, "PiZero1_26", 1377.56, -154.73, "B", "DIP", "NET_18", "", "C", 74, 74, 38.18, 38.19, 270],
		[103, "PiZero1_27", 1277.56, -254.72, "T", "DIP", "NET_19", "", "C", 74, 74, 38.18, 38.19, 270],
		[104, "PiZero1_27", 1277.56, -254.72, "B", "DIP", "NET_19", "", "C", 74, 74, 38.18, 38.19, 270],
		[105, "PiZero1_28", 1277.56, -154.73, "T", "DIP", "NET_20", "", "C", 74, 74, 38.18, 38.19, 270],
		[106, "PiZero1_28", 1277.56, -154.73, "B", "DIP", "NET_20", "", "C", 74, 74, 38.18, 38.19, 270],
		[107, "PiZero1_29", 1177.56, -254.72, "T", "DIP", "NET_21", "", "C", 74, 74, 38.18, 38.19, 270],
		[108, "PiZero1_29", 1177.56, -254.72, "B", "DIP", "NET_21", "", "C", 74, 74, 38.18, 38.19, 270],
		[109, "PiZero1_30", 1177.56, -154.73, "T", "DIP", "GND", "GND", "C", 74, 74, 38.18, 38.19, 270],
		[110, "PiZero1_30", 1177.56, -154.73, "B", "DIP", "GND", "GND", "C", 74, 74, 38.18, 38.19, 270],
		[111, "PiZero1_31", 1077.56, -254.72, "T", "DIP", "NET_22", "", "C", 74, 74, 38.18, 38.19, 270],
		[112, "PiZero1_31", 1077.56, -254.72, "B", "DIP", "NET_22", "", "C", 74, 74, 38.18, 38.19, 270],
		[113, "PiZero1_32", 1077.17, -154.73, "T", "DIP", "NET_23", "", "C", 74, 74, 38.18, 38.19, 270],
		[114, "PiZero1_32", 1077.17, -154.73, "B", "DIP", "NET_23", "", "C", 74, 74, 38.18, 38.19, 270],
		[115, "PiZero1_33", 977.56, -254.72, "T", "DIP", "NET_24", "", "C", 74, 74, 38.18, 38.19, 270],
		[116, "PiZero1_33", 977.56, -254.72, "B", "DIP", "NET_24", "", "C", 74, 74, 38.18, 38.19, 270],
		[117, "PiZero1_34", 977.56, -154.73, "T", "DIP", "GND", "GND", "C", 74, 74, 38.18, 38.19, 270],
		[118, "PiZero1_34", 977.56, -154.73, "B", "DIP", "GND", "GND", "C", 74, 74, 38.18, 38.19, 270],
		[119, "PiZero1_35", 877.56, -254.72, "T", "DIP", "NET_25", "", "C", 74, 74, 38.18, 38.19, 270],
		[120, "PiZero1_35", 877.56, -254.72, "B", "DIP", "NET_25", "", "C", 74, 74, 38.18, 38.19, 270],
		[121, "PiZero1_36", 877.56, -154.73, "T", "DIP", "NET_26", "", "C", 74, 74, 38.18, 38.19, 270],
		[122, "PiZero1_36", 877.56, -154.73, "B", "DIP", "NET_26", "", "C", 74, 74, 38.18, 38.19, 270],
		[123, "PiZero1_37", 777.56, -254.72, "T", "DIP", "NET_27", "", "C", 74, 74, 38.18, 38.19, 270],
		[124, "PiZero1_37", 777.56, -254.72, "B", "DIP", "NET_27", "", "C", 74, 74, 38.18, 38.19, 270],
		[125, "PiZero1_38", 777.56, -154.73, "T", "DIP", "NET_28", "", "C", 74, 74, 38.18, 38.19, 270],
		[126, "PiZero1_38", 777.56, -154.73, "B", "DIP", "NET_28", "", "C", 74, 74, 38.18, 38.19, 270],
		[127, "PiZero1_39", 677.56, -254.72, "T", "DIP", "GND", "GND", "C", 74, 74, 38.18, 38.19, 270],
		[128, "PiZero1_39", 677.56, -254.72, "B", "DIP", "GND", "GND", "C", 74, 74, 38.18, 38.19, 270],
		[129, "PiZero1_40", 677.56, -154.73, "T", "DIP", "NET_29", "", "C", 74, 74, 38.18, 38.19, 270],
		[130, "PiZero1_40", 677.56, -154.73, "B", "DIP", "NET_29", "", "C", 74, 74, 38.18, 38.19, 270],
		[131, "R1_1", 1590, -875, "T", "DIP", "SAFE_SIG", "", "C", 74, 74, 35.4, 35.4, 90],
		[132, "R1_1", 1590, -875, "B", "DIP", "SAFE_SIG", "", "C", 74, 74, 35.4, 35.4, 90],
		[133, "R1_2", 1590, -475, "T", "DIP", "$1N1536", "", "C", 74, 74, 35.4, 35.4, 90],
		[134, "R1_2", 1590, -475, "B", "DIP", "$1N1536", "", "C", 74, 74, 35.4, 35.4, 90],
		[135, "R2_1", 1780, -875, "T", "DIP", "3V3", "", "C", 74, 74, 35.4, 35.4, 90],
		[136, "R2_1", 1780, -875, "B", "DIP", "3V3", "", "C", 74, 74, 35.4, 35.4, 90],
		[137, "R2_2", 1780, -475, "T", "DIP", "RUN_GPIO", "", "C", 74, 74, 35.4, 35.4, 90],
		[138, "R2_2", 1780, -475, "B", "DIP", "RUN_GPIO", "", "C", 74, 74, 35.4, 35.4, 90],
		[139, "R3_1", 1985, -875, "T", "DIP", "5V_PI", "", "C", 74, 74, 35.4, 35.4, 90],
		[140, "R3_1", 1985, -875, "B", "DIP", "5V_PI", "", "C", 74, 74, 35.4, 35.4, 90],
		[141, "R3_2", 1985, -475, "T", "DIP", "$1N25", "", "C", 74, 74, 35.4, 35.4, 90],
		[142, "R3_2", 1985, -475, "B", "DIP", "$1N25", "", "C", 74, 74, 35.4, 35.4, 90],
		[143, "U1_1", 665, -495, "T", "DIP", "VIN_PROT", "", "R", 70.866, 70.866, 39.37, 39.37, 270],
		[144, "U1_1", 665, -495, "B", "DIP", "VIN_PROT", "", "R", 70.866, 70.866, 39.37, 39.37, 270],
		[145, "U1_2", 665, -595, "T", "DIP", "GND", "GND", "C", 70.866, 70.866, 39.37, 39.37, 270],
		[146, "U1_2", 665, -595, "B", "DIP", "GND", "GND", "C", 70.866, 70.866, 39.37, 39.37, 270],
		[147, "U1_3", 665, -695, "T", "DIP", "5V_LOCAL", "", "C", 70.866, 70.866, 39.37, 39.37, 270],
		[148, "U1_3", 665, -695, "B", "DIP", "5V_LOCAL", "", "C", 70.866, 70.866, 39.37, 39.37, 270],
		[149, "U2_1", 2619.8, -415, "T", "DIP", "$1N1536", "", "R", 70.866, 70.866, 39.37, 39.37, 0],
		[150, "U2_1", 2619.8, -415, "B", "DIP", "$1N1536", "", "R", 70.866, 70.866, 39.37, 39.37, 0],
		[151, "U2_2", 2519.8, -415.01, "T", "DIP", "GND", "GND", "C", 70.866, 70.866, 39.37, 39.37, 270],
		[152, "U2_2", 2519.8, -415.01, "B", "DIP", "GND", "GND", "C", 70.866, 70.866, 39.37, 39.37, 270],
		[153, "U2_3", 2520.2, -715.01, "T", "DIP", "GND", "GND", "C", 70.866, 70.866, 39.37, 39.37, 270],
		[154, "U2_3", 2520.2, -715.01, "B", "DIP", "GND", "GND", "C", 70.866, 70.866, 39.37, 39.37, 270],
		[155, "U2_4", 2620.2, -715.01, "T", "DIP", "RUN_GPIO", "", "C", 70.866, 70.866, 39.37, 39.37, 270],
		[156, "U2_4", 2620.2, -715.01, "B", "DIP", "RUN_GPIO", "", "C", 70.866, 70.866, 39.37, 39.37, 270],
		[157, "PAD1_4", 2477.56, -154.73, "T", "DIP", "5V_PI", "", "C", 74, 74, 38.18, 38.19, 270],
		[158, "PAD1_4", 2477.56, -154.73, "B", "DIP", "5V_PI", "", "C", 74, 74, 38.18, 38.19, 270],
		[159, "PAD2_6", 2377.56, -154.73, "T", "DIP", "GND", "GND", "C", 74, 74, 38.18, 38.19, 270],
		[160, "PAD2_6", 2377.56, -154.73, "B", "DIP", "GND", "GND", "C", 74, 74, 38.18, 38.19, 270],
		[161, "PAD3_14", 1977.56, -154.73, "T", "DIP", "GND", "GND", "C", 74, 74, 38.18, 38.19, 270],
		[162, "PAD3_14", 1977.56, -154.73, "B", "DIP", "GND", "GND", "C", 74, 74, 38.18, 38.19, 270],
		[163, "PAD4_20", 1677.56, -154.73, "T", "DIP", "GND", "GND", "C", 74, 74, 38.18, 38.19, 270],
		[164, "PAD4_20", 1677.56, -154.73, "B", "DIP", "GND", "GND", "C", 74, 74, 38.18, 38.19, 270],
		[165, "PAD5_30", 1177.56, -154.73, "T", "DIP", "GND", "GND", "C", 74, 74, 38.18, 38.19, 270],
		[166, "PAD5_30", 1177.56, -154.73, "B", "DIP", "GND", "GND", "C", 74, 74, 38.18, 38.19, 270],
		[167, "PAD6_34", 977.56, -154.73, "T", "DIP", "GND", "GND", "C", 74, 74, 38.18, 38.19, 270],
		[168, "PAD6_34", 977.56, -154.73, "B", "DIP", "GND", "GND", "C", 74, 74, 38.18, 38.19, 270],
		[169, "PAD7_9", 2177.56, -254.72, "T", "DIP", "GND", "GND", "C", 74, 74, 38.18, 38.19, 270],
		[170, "PAD7_9", 2177.56, -254.72, "B", "DIP", "GND", "GND", "C", 74, 74, 38.18, 38.19, 270],
		[171, "PAD8_11", 2077.56, -254.72, "T", "DIP", "RUN_GPIO", "", "C", 74, 74, 38.18, 38.19, 270],
		[172, "PAD8_11", 2077.56, -254.72, "B", "DIP", "RUN_GPIO", "", "C", 74, 74, 38.18, 38.19, 270],
		[173, "PAD9_25", 1377.56, -254.72, "T", "DIP", "GND", "GND", "C", 74, 74, 38.18, 38.19, 270],
		[174, "PAD9_25", 1377.56, -254.72, "B", "DIP", "GND", "GND", "C", 74, 74, 38.18, 38.19, 270],
		[175, "PAD10_39", 677.56, -254.72, "T", "DIP", "GND", "GND", "C", 74, 74, 38.18, 38.19, 270],
		[176, "PAD10_39", 677.56, -254.72, "B", "DIP", "GND", "GND", "C", 74, 74, 38.18, 38.19, 270],
		[177, "PAD11_2", 2577.56, -154.73, "T", "DIP", "5V_PI", "", "C", 74, 74, 38.18, 38.19, 270],
		[178, "PAD11_2", 2577.56, -154.73, "B", "DIP", "5V_PI", "", "C", 74, 74, 38.18, 38.19, 270],
		[179, "PAD12_1", 2577.56, -254.72, "T", "DIP", "3V3", "", "C", 74, 74, 38.18, 38.19, 270],
		[180, "PAD12_1", 2577.56, -254.72, "B", "DIP", "3V3", "", "C", 74, 74, 38.18, 38.19, 270],
		[181, "PAD13_1", 1590, -875, "T", "DIP", "SAFE_SIG", "", "C", 74, 74, 35.4, 35.4, 90],
		[182, "PAD13_1", 1590, -875, "B", "DIP", "SAFE_SIG", "", "C", 74, 74, 35.4, 35.4, 90],
		[183, "PAD14_2", 1590, -475, "T", "DIP", "$1N1536", "", "C", 74, 74, 35.4, 35.4, 90],
		[184, "PAD14_2", 1590, -475, "B", "DIP", "$1N1536", "", "C", 74, 74, 35.4, 35.4, 90],
		[185, "PAD15_2", 931.494, -1051.179, "T", "DIP", "VIN_PROT", "", "C", 47.244, 47.244, 27.56, 27.56, 180],
		[186, "PAD15_2", 931.494, -1051.179, "B", "DIP", "VIN_PROT", "", "C", 47.244, 47.244, 27.56, 27.56, 180],
		[187, "PAD16_1", 1131.494, -1051.179, "T", "DIP", "GND", "GND", "C", 47.244, 47.244, 27.56, 27.56, 180],
		[188, "PAD16_1", 1131.494, -1051.179, "B", "DIP", "GND", "GND", "C", 47.244, 47.244, 27.56, 27.56, 180],
		[189, "PAD17_1", 713.071, -974.567, "T", "DIP", "VIN_PROT", "", "C", 60, 60, 36, 36, 270],
		[190, "PAD17_1", 713.071, -974.567, "B", "DIP", "VIN_PROT", "", "C", 60, 60, 36, 36, 270],
		[191, "PAD18_2", 713.071, -1074.567, "T", "DIP", "GND", "GND", "C", 60, 60, 36, 36, 270],
		[192, "PAD18_2", 713.071, -1074.567, "B", "DIP", "GND", "GND", "C", 60, 60, 36, 36, 270],
		[193, "PAD19_2", 2519.8, -415.01, "T", "DIP", "GND", "GND", "C", 70.866, 70.866, 39.37, 39.37, 270],
		[194, "PAD19_2", 2519.8, -415.01, "B", "DIP", "GND", "GND", "C", 70.866, 70.866, 39.37, 39.37, 270],
		[195, "PAD20_3", 2520.2, -715.01, "T", "DIP", "GND", "GND", "C", 70.866, 70.866, 39.37, 39.37, 270],
		[196, "PAD20_3", 2520.2, -715.01, "B", "DIP", "GND", "GND", "C", 70.866, 70.866, 39.37, 39.37, 270],
		[197, "PAD21_4", 2620.2, -715.01, "T", "DIP", "RUN_GPIO", "", "C", 70.866, 70.866, 39.37, 39.37, 270],
		[198, "PAD21_4", 2620.2, -715.01, "B", "DIP", "RUN_GPIO", "", "C", 70.866, 70.866, 39.37, 39.37, 270],
		[199, "PAD22_1", 2619.8, -415, "T", "DIP", "$1N1536", "", "R", 70.866, 70.866, 39.37, 39.37, 0],
		[200, "PAD22_1", 2619.8, -415, "B", "DIP", "$1N1536", "", "R", 70.866, 70.866, 39.37, 39.37, 0],
		[201, "PAD23_2", 1115, -349.25, "T", "DIP", "VIN_FUSED", "", "C", 86.614, 86.614, 55.118, 55.118, 270],
		[202, "PAD23_2", 1115, -349.25, "B", "DIP", "VIN_FUSED", "", "C", 86.614, 86.614, 55.118, 55.118, 270],
		[203, "PAD24_1", 1115, -880.75, "T", "DIP", "VIN_PROT", "", "C", 86.614, 86.614, 55.118, 55.118, 270],
		[204, "PAD24_1", 1115, -880.75, "B", "DIP", "VIN_PROT", "", "C", 86.614, 86.614, 55.118, 55.118, 270],
		[205, "PAD25_1", 1780, -875, "T", "DIP", "3V3", "", "C", 74, 74, 35.4, 35.4, 90],
		[206, "PAD25_1", 1780, -875, "B", "DIP", "3V3", "", "C", 74, 74, 35.4, 35.4, 90],
		[207, "PAD26_2", 1780, -475, "T", "DIP", "RUN_GPIO", "", "C", 74, 74, 35.4, 35.4, 90],
		[208, "PAD26_2", 1780, -475, "B", "DIP", "RUN_GPIO", "", "C", 74, 74, 35.4, 35.4, 90],
		[209, "PAD27_1", 1985, -875, "T", "DIP", "5V_PI", "", "C", 74, 74, 35.4, 35.4, 90],
		[210, "PAD27_1", 1985, -875, "B", "DIP", "5V_PI", "", "C", 74, 74, 35.4, 35.4, 90],
		[211, "PAD28_2", 1985, -475, "T", "DIP", "$1N25", "", "C", 74, 74, 35.4, 35.4, 90],
		[212, "PAD28_2", 1985, -475, "B", "DIP", "$1N25", "", "C", 74, 74, 35.4, 35.4, 90],
		[213, "PAD29_2", 1262.202, -1051.179, "T", "DIP", "GND", "GND", "C", 47.244, 47.244, 27.56, 27.56, 180],
		[214, "PAD29_2", 1262.202, -1051.179, "B", "DIP", "GND", "GND", "C", 47.244, 47.244, 27.56, 27.56, 180],
		[215, "PAD30_1", 1462.202, -1051.179, "T", "DIP", "RUN_GPIO", "", "C", 47.244, 47.244, 27.56, 27.56, 180],
		[216, "PAD30_1", 1462.202, -1051.179, "B", "DIP", "RUN_GPIO", "", "C", 47.244, 47.244, 27.56, 27.56, 180],
		[217, "PAD31_1", 105, -1011.58, "T", "DIP", "5V_LOCAL", "", "R", 70.866, 70.866, 47.244, 47.244, 270],
		[218, "PAD31_1", 105, -1011.58, "B", "DIP", "5V_LOCAL", "", "R", 70.866, 70.866, 47.244, 47.244, 270],
		[219, "PAD32_2", 105, -1110.01, "T", "DIP", "5V_PI", "", "C", 70.866, 70.866, 47.244, 47.244, 270],
		[220, "PAD32_2", 105, -1110.01, "B", "DIP", "5V_PI", "", "C", 70.866, 70.866, 47.244, 47.244, 270],
		[221, "PAD33_3", 665, -695, "T", "DIP", "5V_LOCAL", "", "C", 70.866, 70.866, 39.37, 39.37, 270],
		[222, "PAD33_3", 665, -695, "B", "DIP", "5V_LOCAL", "", "C", 70.866, 70.866, 39.37, 39.37, 270],
		[223, "PAD34_2", 665, -595, "T", "DIP", "GND", "GND", "C", 70.866, 70.866, 39.37, 39.37, 270],
		[224, "PAD34_2", 665, -595, "B", "DIP", "GND", "GND", "C", 70.866, 70.866, 39.37, 39.37, 270],
		[225, "PAD35_1", 665, -495, "T", "DIP", "VIN_PROT", "", "R", 70.866, 70.866, 39.37, 39.37, 270],
		[226, "PAD35_1", 665, -495, "B", "DIP", "VIN_PROT", "", "R", 70.866, 70.866, 39.37, 39.37, 270],
		[227, "PAD36_2", 1380, -882.72, "T", "DIP", "VIN_PROT", "", "C", 86.614, 86.614, 55.118, 55.118, 90],
		[228, "PAD36_2", 1380, -882.72, "B", "DIP", "VIN_PROT", "", "C", 86.614, 86.614, 55.118, 55.118, 90],
		[229, "PAD37_1", 1380, -347.28, "T", "DIP", "GND", "GND", "C", 86.614, 86.614, 55.118, 55.118, 90],
		[230, "PAD37_1", 1380, -347.28, "B", "DIP", "GND", "GND", "C", 86.614, 86.614, 55.118, 55.118, 90],
		[231, "PAD38_2", 2155, -525, "T", "DIP", "5V_LOCAL", "", "C", 47.244, 47.244, 27.56, 27.56, 180],
		[232, "PAD38_2", 2155, -525, "B", "DIP", "5V_LOCAL", "", "C", 47.244, 47.244, 27.56, 27.56, 180],
		[233, "PAD39_1", 2355, -525, "T", "DIP", "GND", "GND", "C", 47.244, 47.244, 27.56, 27.56, 180],
		[234, "PAD39_1", 2355, -525, "B", "DIP", "GND", "GND", "C", 47.244, 47.244, 27.56, 27.56, 180],
		[235, "PAD40_1", 436.38, -735, "T", "DIP", "VIN_FUSED", "", "C", 70.866, 70.866, 39.37, 39.37, 90],
		[236, "PAD40_1", 436.38, -735, "B", "DIP", "VIN_FUSED", "", "C", 70.866, 70.866, 39.37, 39.37, 90],
		[237, "PAD41_2", 483.62, -535, "T", "DIP", "VIN_IN", "", "C", 70.866, 70.866, 39.37, 39.37, 90],
		[238, "PAD41_2", 483.62, -535, "B", "DIP", "VIN_IN", "", "C", 70.866, 70.866, 39.37, 39.37, 90],
		[239, "PAD42_1", 142, -773, "T", "DIP", "VIN_IN", "", "R", 168.7, 93.7, 55.2, 55.2, 0],
		[240, "PAD42_1", 142, -773, "B", "DIP", "VIN_IN", "", "R", 168.7, 93.7, 55.2, 55.2, 0],
		[241, "PAD43_2", 142, -577, "T", "DIP", "GND", "GND", "R", 168.7, 93.7, 55.2, 55.2, 0],
		[242, "PAD43_2", 142, -577, "B", "DIP", "GND", "GND", "R", 168.7, 93.7, 55.2, 55.2, 0],
		[243, "PAD44_1", 142, -368, "T", "DIP", "SAFE_SIG", "", "R", 168.7, 93.7, 55.2, 55.2, 0],
		[244, "PAD44_1", 142, -368, "B", "DIP", "SAFE_SIG", "", "R", 168.7, 93.7, 55.2, 55.2, 0],
		[245, "PAD45_2", 142, -172, "T", "DIP", "GND", "GND", "R", 168.7, 93.7, 55.2, 55.2, 0],
		[246, "PAD45_2", 142, -172, "B", "DIP", "GND", "GND", "R", 168.7, 93.7, 55.2, 55.2, 0],
		[247, "PAD46_1", 2818.892, -611.416, "T", "DIP", "$1N25", "", "C", 65, 65, 35.434, 35.434, 90],
		[248, "PAD46_1", 2818.892, -611.416, "B", "DIP", "$1N25", "", "C", 65, 65, 35.434, 35.434, 90],
		[249, "PAD47_2", 2818.892, -711.416, "T", "DIP", "GND", "GND", "C", 65, 65, 35.434, 35.434, 90],
		[250, "PAD47_2", 2818.892, -711.416, "B", "DIP", "GND", "GND", "C", 65, 65, 35.434, 35.434, 90],
		[251, "PAD48_1", 2260, -765, "T", "DIP", "5V_LOCAL", "", "C", 60, 60, 36, 36, 270],
		[252, "PAD48_1", 2260, -765, "B", "DIP", "5V_LOCAL", "", "C", 60, 60, 36, 36, 270],
		[253, "PAD49_2", 2260, -865, "T", "DIP", "GND", "GND", "C", 60, 60, 36, 36, 270],
		[254, "PAD49_2", 2260, -865, "B", "DIP", "GND", "GND", "C", 60, 60, 36, 36, 270]
	]
}
}